full_name,age,birthday,birthday_GMT,league,season,position,Current Club,minutes_played_overall,minutes_played_home,minutes_played_away,nationality,appearances_overall,appearances_home,appearances_away,goals_overall,goals_home,goals_away,assists_overall,assists_home,assists_away,penalty_goals,penalty_misses,clean_sheets_overall,clean_sheets_home,clean_sheets_away,conceded_overall,conceded_home,conceded_away,yellow_cards_overall,red_cards_overall,goals_involved_per_90_overall,assists_per_90_overall,goals_per_90_overall,goals_per_90_home,goals_per_90_away,min_per_goal_overall,conceded_per_90_overall,min_per_conceded_overall,min_per_match,min_per_card_overall,min_per_assist_overall,cards_per_90_overall,rank_in_league_top_attackers,rank_in_league_top_midfielders,rank_in_league_top_defenders,rank_in_club_top_scorer
Aaron Lennon,35,545554800,1987/04/16,Premier League,2018/2019,Midfielder,Burnley,1217,487,730,England,16,7,9,1,1,0,1,1,0,0,0,4,2,2,20,8,12,1,0,0.15,0.07,0.07,0.18,0,1217,1.48,61,76,1217,1217,0.07,196,187,-1,10
Aaron Mooy,32,653382000,1990/09/15,Premier League,2018/2019,Midfielder,Huddersfield Town,2327,1190,1137,Australia,29,15,14,3,1,2,1,0,1,1,0,4,3,1,46,20,26,4,0,0.15,0.04,0.12,0.08,0.16,776,1.78,51,80,582,2327,0.15,144,233,-1,3
Aaron Ramsey,31,662198400,1990/12/26,Premier League,2018/2019,Midfielder,Arsenal,1327,689,638,Wales,28,14,14,4,2,2,6,5,1,0,0,7,6,1,12,2,10,0,0,0.68,0.41,0.27,0.26,0.28,332,0.81,111,47,0,221,0,69,8,-1,5
Adam Smith,31,672908400,1991/04/29,Premier League,2018/2019,Defender,AFC Bournemouth,2073,1051,1022,England,25,12,13,1,1,0,1,0,1,0,0,9,5,4,30,10,20,6,1,0.09,0.04,0.04,0.09,0,2073,1.3,69,83,296,2073,0.3,227,228,85,10
Alexandre Lacazette,31,675414000,1991/05/28,Premier League,2018/2019,Forward,Arsenal,2503,1403,1100,France,35,19,16,13,9,4,8,4,4,0,0,7,7,0,28,10,18,2,0,0.76,0.29,0.47,0.58,0.33,193,1.01,89,72,1252,313,0.07,21,25,-1,2
Alexis Sanchez,33,598521600,1988/12/19,Premier League,2018/2019,Forward,Manchester United,877,387,490,Chile,20,10,10,1,1,0,3,0,3,0,0,6,2,4,8,4,4,3,0,0.41,0.31,0.1,0.23,0,877,0.82,110,44,292,292,0.31,166,17,-1,10
Ander Herrera,33,619081200,1989/08/14,Premier League,2018/2019,Midfielder,Manchester United,1404,617,787,Spain,22,10,12,2,0,2,3,3,0,0,0,6,1,5,17,9,8,4,0,0.32,0.19,0.13,0,0.23,702,1.09,83,64,351,468,0.26,134,68,-1,7
Andre Gray,31,677919600,1991/06/26,Premier League,2018/2019,Forward,Watford,1358,809,549,England,29,15,14,7,5,2,2,2,0,0,0,5,3,2,23,16,7,2,0,0.6,0.13,0.46,0.56,0.33,194,1.52,59,47,679,679,0.13,25,109,-1,3
André Schürrle,31,657878400,1990/11/06,Premier League,2018/2019,Midfielder,Fulham,1650,829,821,Germany,24,12,12,6,3,3,0,0,0,0,0,1,0,1,42,20,22,2,0,0.33,0,0.33,0.33,0.33,275,2.29,39,69,825,0,0.11,54,417,-1,2
Andriy Yarmolenko,33,625129200,1989/10/23,Premier League,2018/2019,Forward,West Ham United,459,269,190,Ukraine,9,5,4,2,0,2,0,0,0,0,0,1,1,0,4,1,3,2,0,0.39,0,0.39,0,0.95,230,0.78,115,51,230,0,0.39,36,361,-1,7
Andros Townsend,31,679647600,1991/07/16,Premier League,2018/2019,Midfielder,Crystal Palace,3018,1571,1447,England,38,19,19,6,2,4,4,2,2,0,0,12,7,5,44,20,24,1,0,0.3,0.12,0.18,0.11,0.25,503,1.31,69,79,3018,755,0.03,102,127,-1,3
Angelo Ogbonna,34,580374000,1988/05/23,Premier League,2018/2019,Defender,West Ham United,1870,956,914,Italy,24,12,12,1,1,0,1,1,0,0,0,3,2,1,32,13,19,2,0,0.1,0.05,0.05,0.09,0,1870,1.54,58,78,935,1870,0.1,226,207,124,13
Aron Einar Gunnarsson,33,609231600,1989/04/22,Premier League,2018/2019,Midfielder,Cardiff City,2274,1240,1034,Iceland,28,14,14,1,1,0,1,1,0,0,0,8,4,4,37,20,17,5,0,0.08,0.04,0.04,0.07,0,2274,1.46,61,81,455,2274,0.2,232,234,-1,9
Ashley Barnes,32,625737600,1989/10/30,Premier League,2018/2019,Forward,Burnley,2400,1307,1093,England,37,19,18,12,6,6,2,1,1,2,0,8,5,3,34,16,18,8,0,0.53,0.08,0.45,0.41,0.49,200,1.28,71,65,300,1200,0.3,27,172,-1,1
Ashley Westwood,32,638956800,1990/04/01,Premier League,2018/2019,Midfielder,Burnley,2822,1530,1292,England,34,18,16,2,0,2,7,2,5,0,0,7,5,2,44,22,22,5,0,0.29,0.22,0.06,0,0.14,1411,1.4,64,83,564,403,0.16,212,55,-1,8
Ashley Young,37,489740400,1985/07/09,Premier League,2018/2019,Midfielder,Manchester United,2568,1207,1361,England,30,14,16,2,1,1,2,2,0,0,0,4,2,2,41,16,25,10,1,0.14,0.07,0.07,0.07,0.07,1284,1.44,63,86,257,1284,0.35,195,181,-1,9
Beram Kayal,34,578559600,1988/05/02,Premier League,2018/2019,Midfielder,Brighton & Hove Albion,934,494,440,Israel,18,9,9,1,0,1,1,1,0,0,0,5,3,2,15,8,7,4,0,0.19,0.1,0.1,0,0.2,934,1.45,62,52,234,934,0.39,163,146,-1,8
Cedric Soares,31,683622000,1991/08/31,Premier League,2018/2019,Defender,Southampton,1494,651,843,Portugal,18,8,10,1,1,0,2,0,2,0,0,5,2,3,26,7,19,4,0,0.18,0.12,0.06,0.14,0,1494,1.57,57,83,374,747,0.24,204,124,127,15
Cenk Tosun,31,676278000,1991/06/07,Premier League,2018/2019,Forward,Everton,1050,536,514,Turkey,25,13,12,3,2,1,3,1,2,0,0,7,4,3,16,9,7,3,0,0.51,0.26,0.26,0.34,0.18,350,1.37,66,42,350,350,0.26,74,37,-1,6
Cesar Azpilicueta,33,620290800,1989/08/28,Premier League,2018/2019,Defender,Chelsea,3403,1693,1710,Spain,38,19,19,1,0,1,5,3,2,0,0,16,10,6,38,12,26,4,0,0.16,0.13,0.03,0,0.05,3403,1,90,90,851,681,0.11,260,116,33,14
Charlie Austin,33,615625200,1989/07/05,Premier League,2018/2019,Forward,Southampton,980,454,526,England,25,13,12,2,1,1,2,1,1,0,1,6,3,3,14,6,8,1,0,0.37,0.18,0.18,0.2,0.17,490,1.29,70,39,980,490,0.09,105,73,-1,8
Charlie Daniels,36,526460400,1986/09/07,Premier League,2018/2019,Defender,AFC Bournemouth,1583,803,780,England,21,11,10,1,1,0,0,0,0,0,0,6,4,2,32,14,18,4,0,0.06,0,0.06,0.11,0,1583,1.82,49,75,396,0,0.23,208,254,152,12
Chris Smalling,32,627724800,1989/11/22,Premier League,2018/2019,Defender,Manchester United,2128,1138,990,England,24,13,11,1,0,1,0,0,0,0,0,4,2,2,34,16,18,1,0,0.04,0,0.04,0,0.09,2128,1.44,63,89,2128,0,0.04,246,294,106,15
Christian Benteke,31,660211200,1990/12/03,Premier League,2018/2019,Forward,Crystal Palace,813,526,287,Belgium,16,10,6,1,0,1,1,0,1,0,0,5,3,2,10,6,4,1,0,0.22,0.11,0.11,0,0.31,813,1.11,81,51,813,813,0.11,149,142,-1,10
Christopher Schindler,32,641372400,1990/04/29,Premier League,2018/2019,Defender,Huddersfield Town,3262,1642,1620,Germany,37,19,18,1,0,1,0,0,0,0,0,5,3,2,69,30,39,6,1,0.03,0,0.03,0,0.06,3262,1.9,47,88,544,0,0.17,252,345,157,9
Ciaran Clark,33,622796400,1989/09/26,Premier League,2018/2019,Defender,Newcastle United,857,416,441,Republic of Ireland,11,6,5,3,1,2,0,0,0,0,0,2,0,2,14,9,5,1,0,0.32,0,0.32,0.22,0.41,286,1.47,61,78,857,0,0.11,56,315,113,4
Craig Cathcart,33,602755200,1989/02/06,Premier League,2018/2019,Defender,Watford,3099,1561,1538,Northern Ireland,36,18,18,3,1,2,0,0,0,0,0,6,3,3,52,28,24,2,0,0.09,0,0.09,0.06,0.12,1033,1.51,60,86,1550,0,0.06,177,400,119,6
Dale Stephens,33,613638000,1989/06/12,Premier League,2018/2019,Midfielder,Brighton & Hove Albion,2487,1191,1296,England,30,14,16,1,0,1,1,0,1,0,0,5,3,2,43,18,25,7,1,0.07,0.04,0.04,0,0.07,2487,1.56,58,83,311,2487,0.29,247,224,-1,9
Dan Gosling,32,633859200,1990/02/01,Premier League,2018/2019,Midfielder,AFC Bournemouth,1737,911,826,England,25,13,12,2,0,2,1,0,1,0,0,7,4,3,31,14,17,8,0,0.16,0.05,0.1,0,0.22,869,1.61,56,69,217,1737,0.41,158,206,-1,8
Daniel Sturridge,33,620636400,1989/09/01,Premier League,2018/2019,Forward,Liverpool,496,152,344,England,18,9,9,2,1,1,1,1,0,0,0,10,7,3,3,0,3,1,0,0.54,0.18,0.36,0.59,0.26,248,0.54,165,28,496,496,0.18,48,79,-1,10
Danilo,31,679561200,1991/07/15,Premier League,2018/2019,Defender,Manchester City,806,450,356,Brazil,11,5,6,1,0,1,0,0,0,0,0,5,3,2,7,2,5,1,0,0.11,0,0.11,0,0.25,806,0.78,115,73,806,0,0.11,151,318,18,13
Danny Ward,31,660729600,1990/12/09,Premier League,2018/2019,Forward,Cardiff City,440,246,194,England,14,6,8,1,1,0,0,0,0,0,0,2,0,2,11,8,3,0,0,0.2,0,0.2,0.37,0,440,2.25,40,31,0,0,0,94,382,-1,10
Danny Welbeck,31,659606400,1990/11/26,Premier League,2018/2019,Forward,Arsenal,147,47,100,England,8,4,4,1,1,0,1,0,1,0,0,2,2,0,2,0,2,0,0,1.22,0.61,0.61,1.91,0,147,1.22,74,18,0,147,0,-1,-1,-1,13
David Junior Hoilett,32,644569200,1990/06/05,Premier League,2018/2019,Forward,Cardiff City,2142,1008,1134,Canada,32,17,15,3,2,1,1,0,1,0,0,9,5,4,42,20,22,4,0,0.17,0.04,0.13,0.18,0.08,714,1.76,51,67,536,2142,0.17,137,220,-1,7
David Luiz,35,546073200,1987/04/22,Premier League,2018/2019,Defender,Chelsea,3239,1709,1530,Brazil,36,19,17,3,3,0,2,1,1,0,0,16,10,6,35,12,23,3,0,0.14,0.06,0.08,0.16,0,1080,0.97,93,90,1080,1620,0.08,186,198,27,9
David Silva,36,505555200,1986/01/08,Premier League,2018/2019,Midfielder,Manchester City,2411,1088,1323,Spain,33,16,17,6,4,2,8,3,5,0,0,17,8,9,14,7,7,3,0,0.52,0.3,0.22,0.33,0.14,402,0.52,172,73,804,301,0.11,88,22,-1,7
Davy Pröpper,31,683794800,1991/09/02,Premier League,2018/2019,Midfielder,Brighton & Hove Albion,2551,1371,1180,Netherlands,30,16,14,1,0,1,1,0,1,0,0,5,4,1,44,19,25,2,0,0.07,0.04,0.04,0,0.08,2551,1.55,58,85,1276,2551,0.07,241,226,-1,10
Dejan Lovren,33,615625200,1989/07/05,Premier League,2018/2019,Defender,Liverpool,985,540,445,Croatia,13,7,6,1,1,0,0,0,0,0,0,6,3,3,7,3,4,1,0,0.09,0,0.09,0.17,0,985,0.64,141,76,985,0,0.09,173,324,15,12
Eden Hazard,31,663235200,1991/01/07,Premier League,2018/2019,Midfielder,Chelsea,2926,1527,1399,Belgium,37,19,18,16,11,5,15,10,5,4,0,15,10,5,34,9,25,2,0,0.95,0.46,0.49,0.65,0.32,183,1.05,86,79,1463,195,0.06,18,5,-1,1
Etienne Capoue,34,584607600,1988/07/11,Premier League,2018/2019,Midfielder,Watford,2947,1518,1429,France,33,17,16,1,0,1,3,2,1,0,0,7,4,3,47,24,23,15,1,0.12,0.09,0.03,0,0.06,2947,1.44,63,89,184,982,0.49,253,153,-1,9
Fabián Cornelio Balbuena González,31,682930800,1991/08/23,Premier League,2018/2019,Defender,West Ham United,2014,934,1080,Paraguay,23,11,12,1,0,1,0,0,0,0,0,5,2,3,27,13,14,2,0,0.04,0,0.04,0,0.08,2014,1.21,75,88,1007,0,0.09,231,356,66,10
Fernando Llorente Torres,37,478252800,1985/02/26,Premier League,2018/2019,Forward,Tottenham Hotspur,683,508,175,Spain,20,11,9,1,1,0,4,4,0,0,0,7,5,2,8,5,3,2,0,0.66,0.53,0.13,0.18,0,683,1.05,85,34,342,171,0.26,133,2,-1,8
Fernando Luiz Rosa,37,484038000,1985/05/04,Premier League,2018/2019,Midfielder,Manchester City,2381,1286,1095,Brazil,29,15,14,1,1,0,3,3,0,0,0,16,7,9,15,8,7,5,0,0.15,0.11,0.04,0.07,0,2381,0.57,159,82,476,794,0.19,228,132,-1,15
Floyd Ayité,33,598176000,1988/12/15,Premier League,2018/2019,Midfielder,Fulham,465,296,169,Togo,16,7,9,1,0,1,0,0,0,0,0,3,1,2,13,7,6,0,0,0.19,0,0.19,0,0.53,465,2.52,36,29,0,0,0,101,268,-1,9
Francisco Femenía Far,31,665481600,1991/02/02,Premier League,2018/2019,Midfielder,Watford,2045,1011,1034,Spain,29,14,15,1,1,0,1,1,0,0,0,5,3,2,38,21,17,1,0,0.09,0.04,0.04,0.09,0,2045,1.67,54,71,2045,2045,0.04,240,216,-1,12
Georginio Wijnaldum,31,658310400,1990/11/11,Premier League,2018/2019,Midfielder,Liverpool,2735,1413,1322,Netherlands,35,18,17,3,1,2,0,0,0,0,0,21,12,9,15,6,9,3,0,0.1,0,0.1,0.06,0.14,912,0.49,182,78,912,0,0.1,164,416,-1,8
Glenn Murray,39,433321200,1983/09/25,Premier League,2018/2019,Forward,Brighton & Hove Albion,2513,1383,1130,England,38,19,19,13,8,5,1,1,0,4,0,7,5,2,44,22,22,5,0,0.5,0.04,0.47,0.52,0.4,193,1.58,57,66,503,2513,0.18,24,227,-1,1
Gonzalo Higuain,34,566121600,1987/12/10,Premier League,2018/2019,Forward,Chelsea,1092,496,596,Argentina,14,6,8,5,4,1,0,0,0,0,0,5,4,1,15,3,12,0,0,0.41,0,0.41,0.73,0.15,218,1.24,73,78,0,0,0,33,306,-1,5
Gylfi Sigurdsson,33,621241200,1989/09/08,Premier League,2018/2019,Midfielder,Everton,3134,1602,1532,Iceland,38,19,19,13,7,6,6,2,4,2,3,14,9,5,40,19,21,3,0,0.55,0.17,0.37,0.39,0.35,241,1.15,78,82,1045,522,0.09,43,86,-1,2
Henrikh Mkhitaryan,33,601372800,1989/01/21,Premier League,2018/2019,Midfielder,Arsenal,1643,650,993,Armenia,25,11,14,6,3,3,4,3,1,0,0,4,3,1,25,9,16,1,0,0.55,0.22,0.33,0.42,0.27,274,1.37,66,66,1643,411,0.05,53,56,-1,3
İlkay Gündoğan,32,656751600,1990/10/24,Premier League,2018/2019,Midfielder,Manchester City,2135,985,1150,Germany,31,15,16,6,4,2,3,0,3,0,0,15,6,9,15,8,7,3,0,0.38,0.13,0.25,0.37,0.16,356,0.63,142,69,712,712,0.13,78,120,-1,8
Jack Cork,33,614761200,1989/06/25,Premier League,2018/2019,Midfielder,Burnley,3313,1693,1620,England,37,19,18,1,1,0,2,1,1,0,0,8,5,3,54,27,27,6,0,0.08,0.05,0.03,0.05,0,3313,1.47,61,90,552,1657,0.16,249,204,-1,11
James McArthur,35,560588400,1987/10/07,Premier League,2018/2019,Midfielder,Crystal Palace,3071,1506,1565,Scotland,38,19,19,3,1,2,6,1,5,0,0,12,7,5,44,19,25,7,0,0.26,0.18,0.09,0.06,0.12,1024,1.29,70,81,439,512,0.21,179,74,-1,7
James Milner,36,505209600,1986/01/04,Premier League,2018/2019,Midfielder,Liverpool,1785,646,1139,England,31,12,19,5,0,5,4,2,2,3,0,18,9,9,11,4,7,7,1,0.45,0.2,0.25,0,0.4,357,0.55,162,58,255,446,0.35,81,65,-1,5
James Tomkins,33,607161600,1989/03/29,Premier League,2018/2019,Defender,Crystal Palace,2563,1140,1423,England,29,13,16,1,0,1,1,0,1,0,0,10,5,5,34,12,22,6,0,0.07,0.04,0.04,0,0.06,2563,1.19,75,88,427,2563,0.21,235,215,63,9
Jamie Vardy,35,537350400,1987/01/11,Premier League,2018/2019,Forward,Leicester City,2735,1418,1317,England,34,17,17,18,8,10,4,3,1,4,1,10,6,4,33,13,20,4,1,0.72,0.13,0.59,0.51,0.68,152,1.09,83,80,547,684,0.16,9,118,-1,1
Jan Vertonghen,35,546246000,1987/04/24,Premier League,2018/2019,Defender,Tottenham Hotspur,1915,884,1031,Belgium,22,10,12,1,0,1,0,0,0,0,0,7,4,3,21,7,14,5,1,0.05,0,0.05,0,0.09,1915,0.99,91,87,383,0,0.23,225,282,31,10
Javier Hernandez,34,581151600,1988/06/01,Premier League,2018/2019,Forward,West Ham United,1335,694,641,Mexico,25,13,12,7,5,2,1,0,1,0,0,3,1,2,16,8,8,2,0,0.54,0.07,0.47,0.65,0.28,191,1.08,83,53,668,1335,0.13,23,186,-1,3
Jean Michau00ebl Seri,31,679906800,1991/07/19,Premier League,2018/2019,Midfielder,Fulham,2252,1112,1140,Ivory Coast,32,15,17,1,1,0,2,0,2,0,0,4,2,2,53,23,30,6,0,0.12,0.08,0.04,0.08,0,2252,2.12,42,70,375,1126,0.24,236,171,-1,7
João Moutinho,36,526546800,1986/09/08,Premier League,2018/2019,Midfielder,Wolverhampton Wanderers,3040,1532,1508,Portugal,38,19,19,1,0,1,8,5,3,0,0,9,7,2,37,17,20,4,0,0.27,0.24,0.03,0,0.06,3040,1.1,82,80,760,380,0.12,258,44,-1,11
Joel Matip,31,681634800,1991/08/08,Premier League,2018/2019,Defender,Liverpool,1532,811,721,Cameroon,22,10,12,1,1,0,0,0,0,0,0,11,6,5,9,5,4,3,0,0.06,0,0.06,0.11,0,1532,0.53,170,70,511,0,0.18,215,286,8,11
Joel Ward,32,625647600,1989/10/29,Premier League,2018/2019,Defender,Crystal Palace,551,191,360,England,7,3,4,1,1,0,0,0,0,0,0,0,0,0,12,6,6,1,0,0.16,0,0.16,0.47,0,551,1.96,46,79,551,0,0.16,114,358,159,11
Johann Berg Guðmunds­son,32,657010800,1990/10/27,Premier League,2018/2019,Midfielder,Burnley,1748,847,901,Iceland,29,15,14,3,0,3,6,5,1,0,0,6,4,2,31,13,18,2,0,0.46,0.31,0.15,0,0.3,583,1.6,56,60,874,291,0.1,122,18,-1,5
Jonny Evans,34,568195200,1988/01/03,Premier League,2018/2019,Defender,Leicester City,1995,1074,921,Northern Ireland,24,12,12,1,1,0,0,0,0,0,0,8,6,2,22,9,13,2,0,0.05,0,0.05,0.08,0,1995,0.99,91,83,998,0,0.09,224,319,32,11
Jordan Ayew,31,684572400,1991/09/11,Premier League,2018/2019,Forward,Crystal Palace,1186,616,570,Ghana,20,8,12,1,0,1,2,0,2,0,0,6,3,3,13,7,6,3,0,0.23,0.15,0.08,0,0.16,1186,0.99,91,59,395,593,0.23,187,96,-1,12
Jordan Henderson,32,645606000,1990/06/17,Premier League,2018/2019,Midfielder,Liverpool,1983,925,1058,England,32,16,16,1,0,1,3,2,1,0,0,19,10,9,11,4,7,3,1,0.18,0.14,0.05,0,0.09,1983,0.5,180,62,661,661,0.14,217,102,-1,14
José Holebas,38,457167600,1984/06/27,Premier League,2018/2019,Defender,Watford,2394,1224,1170,Greece,28,15,13,3,2,1,6,5,1,0,0,5,3,2,38,20,18,13,1,0.34,0.23,0.11,0.15,0.08,798,1.43,63,86,171,399,0.53,153,49,105,7
José Luis Sanmartín Mato,32,638524800,1990/03/27,Premier League,2018/2019,Forward,Newcastle United,586,308,278,Spain,16,9,7,2,2,0,0,0,0,0,0,4,2,2,12,8,4,1,0,0.31,0,0.31,0.58,0,293,1.84,49,37,586,0,0.15,61,265,-1,5
Juan Mata,34,578214000,1988/04/28,Premier League,2018/2019,Midfielder,Manchester United,1294,833,461,Spain,22,13,9,3,3,0,2,2,0,0,0,4,2,2,14,6,8,3,0,0.35,0.14,0.21,0.32,0,431,0.97,92,59,431,647,0.21,92,103,-1,6
Junior Stanislas,32,628070400,1989/11/26,Premier League,2018/2019,Midfielder,AFC Bournemouth,1027,559,468,England,23,12,11,2,1,1,3,3,0,1,0,7,4,3,24,8,16,1,0,0.44,0.26,0.18,0.16,0.19,514,2.1,43,45,1027,342,0.09,104,35,-1,7
Kevin De Bruyne,31,678092400,1991/06/28,Premier League,2018/2019,Midfielder,Manchester City,974,477,497,Belgium,19,9,10,2,2,0,2,0,2,0,0,12,6,6,3,1,2,2,0,0.37,0.18,0.18,0.38,0,487,0.28,325,51,487,487,0.18,109,75,-1,10
Kieran Trippier,32,653727600,1990/09/19,Premier League,2018/2019,Defender,Tottenham Hotspur,2278,1188,1090,England,27,14,13,1,1,0,3,0,3,0,0,10,5,5,20,10,10,2,0,0.16,0.12,0.04,0.08,0,2278,0.79,114,84,1139,759,0.08,230,122,19,12
Kyle Walker,32,643878000,1990/05/28,Premier League,2018/2019,Defender,Manchester City,2777,1245,1532,England,33,15,18,1,1,0,1,0,1,0,0,18,7,11,17,9,8,3,0,0.06,0.03,0.03,0.07,0,2777,0.55,163,84,926,2777,0.1,250,248,10,14
Laurent Koscielny,37,495183600,1985/09/10,Premier League,2018/2019,Defender,Arsenal,1328,484,844,France,17,6,11,3,2,1,0,0,0,0,0,4,3,1,21,5,16,1,0,0.2,0,0.2,0.37,0.11,443,1.42,63,78,1328,0,0.07,93,295,103,7
Leon Balogun,34,583484400,1988/06/28,Premier League,2018/2019,Defender,Brighton & Hove Albion,591,309,282,Nigeria,8,4,4,1,1,0,0,0,0,0,0,0,0,0,9,5,4,2,0,0.15,0,0.15,0.29,0,591,1.37,66,74,296,0,0.3,121,292,97,12
Lucas Perez,34,589878000,1988/09/10,Premier League,2018/2019,Forward,West Ham United,468,287,181,Spain,15,10,5,3,3,0,0,0,0,0,0,3,2,1,9,5,4,0,0,0.58,0,0.58,0.94,0,156,1.73,52,31,0,0,0,10,276,-1,6
Luka Milivojević,31,671011200,1991/04/07,Premier League,2018/2019,Midfielder,Crystal Palace,3420,1710,1710,Serbia,38,19,19,12,7,5,2,0,2,10,1,12,7,5,47,20,27,10,0,0.37,0.05,0.32,0.37,0.26,285,1.24,73,90,342,1710,0.26,59,210,-1,1
Marc Albrighton,32,627379200,1989/11/18,Premier League,2018/2019,Midfielder,Leicester City,1626,797,829,England,27,14,13,2,1,1,2,1,1,0,0,9,5,4,17,8,9,3,0,0.22,0.11,0.11,0.11,0.11,813,0.94,96,60,542,813,0.17,156,140,-1,8
Marcos Alonso,31,662371200,1990/12/28,Premier League,2018/2019,Defender,Chelsea,2761,1338,1423,Spain,31,15,16,2,1,1,4,3,1,0,0,14,8,6,28,9,19,6,0,0.2,0.13,0.07,0.07,0.06,1381,0.91,99,89,460,690,0.2,191,112,22,10
Mark Noble,35,547455600,1987/05/08,Premier League,2018/2019,Midfielder,West Ham United,2308,1147,1161,England,31,15,16,5,2,3,5,4,1,4,0,7,4,3,29,12,17,7,1,0.39,0.19,0.19,0.16,0.23,462,1.13,80,74,289,462,0.31,96,70,-1,5
Marko Arnautović,33,608972400,1989/04/19,Premier League,2018/2019,Forward,West Ham United,2000,1083,917,Austria,28,15,13,10,7,3,4,1,3,1,0,5,3,2,31,17,14,3,0,0.63,0.18,0.45,0.58,0.29,200,1.4,65,71,667,500,0.14,26,76,-1,1
Mathias Jattah-Njie Jørgensen,32,640854000,1990/04/23,Premier League,2018/2019,Defender,Huddersfield Town,2148,1248,900,Denmark,24,14,10,3,1,2,1,0,1,0,0,3,2,1,37,21,16,6,0,0.17,0.04,0.13,0.07,0.2,716,1.55,58,90,358,2148,0.25,129,235,125,2
Matt Ritchie,33,621414000,1989/09/10,Premier League,2018/2019,Midfielder,Newcastle United,2940,1557,1383,Scotland,36,19,17,2,1,1,8,2,6,1,1,11,5,6,37,21,16,9,0,0.31,0.24,0.06,0.06,0.07,1470,1.13,79,82,327,368,0.28,216,46,-1,6
Mesut Özil,34,592902000,1988/10/15,Premier League,2018/2019,Midfielder,Arsenal,1741,1139,602,Germany,24,14,10,5,4,1,2,2,0,0,0,6,5,1,23,11,12,2,0,0.36,0.1,0.26,0.32,0.15,348,1.19,76,73,871,871,0.1,73,151,-1,4
Michail Antonio,32,638611200,1990/03/28,Premier League,2018/2019,Midfielder,West Ham United,2099,998,1101,England,33,16,17,6,4,2,4,2,2,0,0,5,3,2,26,10,16,3,0,0.43,0.17,0.26,0.36,0.16,350,1.11,81,64,700,525,0.13,77,85,-1,4
N'Golo Kanté,31,670233600,1991/03/29,Premier League,2018/2019,Midfielder,Chelsea,3096,1579,1517,France,36,19,17,4,2,2,4,3,1,0,0,15,10,5,37,12,25,3,0,0.23,0.12,0.12,0.11,0.12,774,1.08,84,86,1032,774,0.09,141,126,-1,6
Nacho Monreal,36,509788800,1986/02/26,Premier League,2018/2019,Defender,Arsenal,1861,781,1080,Spain,22,10,12,1,1,0,3,0,3,0,0,6,5,1,21,3,18,5,0,0.19,0.15,0.05,0.12,0,1861,1.02,89,85,372,620,0.24,222,98,37,11
Nemanja Matić,34,586422000,1988/08/01,Premier League,2018/2019,Midfielder,Manchester United,2441,1051,1390,Serbia,28,12,16,1,1,0,0,0,0,0,0,6,1,5,35,14,21,8,1,0.04,0,0.04,0.09,0,2441,1.29,70,87,305,0,0.29,239,257,-1,11
Olivier Giroud,36,528447600,1986/09/30,Premier League,2018/2019,Forward,Chelsea,832,446,386,France,27,14,13,2,1,1,4,3,1,0,0,12,7,5,4,1,3,1,0,0.65,0.43,0.22,0.2,0.23,416,0.43,208,31,832,208,0.11,86,7,-1,12
Oriol Romeu,31,685695600,1991/09/24,Premier League,2018/2019,Midfielder,Southampton,2140,1110,1030,Spain,31,16,15,1,1,0,0,0,0,0,0,6,3,3,32,16,16,11,0,0.04,0,0.04,0.08,0,2140,1.35,67,69,195,0,0.46,244,371,-1,9
Pascal Groß,31,676969200,1991/06/15,Premier League,2018/2019,Midfielder,Brighton & Hove Albion,1878,993,885,Germany,25,13,12,3,2,1,3,1,2,1,1,3,2,1,31,16,15,1,0,0.29,0.14,0.14,0.18,0.1,626,1.49,61,75,1878,626,0.05,126,104,-1,4
Patrick van Aanholt,32,651913200,1990/08/29,Premier League,2018/2019,Defender,Crystal Palace,3198,1703,1495,Netherlands,36,19,17,3,2,1,2,0,2,0,0,12,7,5,41,19,22,3,0,0.14,0.06,0.08,0.11,0.06,1066,1.15,78,89,1066,1599,0.08,184,199,53,6
Pedro Rodriguez,35,554454000,1987/07/28,Premier League,2018/2019,Midfielder,Chelsea,1780,958,822,Spain,31,15,16,8,6,2,2,2,0,0,0,11,7,4,18,7,11,2,0,0.51,0.1,0.4,0.56,0.22,223,0.91,99,57,890,890,0.1,35,144,-1,2
Phil Jagielka,40,398415600,1982/08/17,Premier League,2018/2019,Defender,Everton,329,95,234,England,7,3,4,1,1,0,0,0,0,0,0,5,3,2,2,0,2,1,1,0.27,0,0.27,0.95,0,329,0.55,165,47,165,0,0.55,71,272,9,13
Pierre-Emerick Aubameyang,33,614156400,1989/06/18,Premier League,2018/2019,Forward,Arsenal,2731,1418,1313,Gabon,36,19,17,22,13,9,5,4,1,4,1,8,7,1,40,14,26,0,0,0.89,0.16,0.73,0.83,0.62,124,1.32,68,76,0,546,0,3,88,-1,1
Raúl Alonso Jiménez Rodríguez,31,673426800,1991/05/05,Premier League,2018/2019,Forward,Wolverhampton Wanderers,3124,1648,1476,Mexico,38,19,19,13,8,5,7,4,3,2,0,9,7,2,39,20,19,4,0,0.58,0.2,0.37,0.44,0.3,240,1.12,80,82,781,446,0.12,42,63,-1,1
Riyad Mahrez,31,667123200,1991/02/21,Premier League,2018/2019,Midfielder,Manchester City,1339,647,692,Algeria,27,14,13,7,1,6,4,2,2,0,1,13,6,7,9,4,5,0,0,0.74,0.27,0.47,0.14,0.78,191,0.6,149,50,0,335,0,22,32,-1,6
Robert Snodgrass,35,557996400,1987/09/07,Premier League,2018/2019,Midfielder,West Ham United,2222,1108,1114,Scotland,33,16,17,2,1,1,5,4,1,0,0,6,3,3,31,16,15,10,0,0.28,0.2,0.08,0.08,0.08,1111,1.26,72,67,222,444,0.41,188,64,-1,8
Roberto Firmino,31,686386800,1991/10/02,Premier League,2018/2019,Forward,Liverpool,2620,1347,1273,Brazil,34,16,18,12,7,5,6,3,3,1,0,18,9,9,13,7,6,0,0,0.62,0.21,0.41,0.47,0.35,218,0.45,202,77,0,437,0,32,62,-1,3
Roberto Maximiliano Pereyra,31,663235200,1991/01/07,Premier League,2018/2019,Forward,Watford,2825,1467,1358,Argentina,33,17,16,6,5,1,1,0,1,0,0,5,3,2,52,27,25,3,0,0.22,0.03,0.19,0.31,0.07,471,1.66,54,86,942,2825,0.1,97,251,-1,4
Romain Saïss,32,638438400,1990/03/26,Premier League,2018/2019,Midfielder,Wolverhampton Wanderers,1144,544,600,Morocco,19,8,11,2,1,1,0,0,0,0,0,4,3,1,16,6,10,7,0,0.16,0,0.16,0.17,0.15,572,1.26,72,60,163,0,0.55,115,264,-1,7
Rondon,33,621932400,1989/09/16,Premier League,2018/2019,Forward,Newcastle United,2609,1343,1266,Venezuela,32,16,16,11,6,5,7,5,2,0,0,10,5,5,29,14,15,1,0,0.62,0.24,0.38,0.4,0.36,237,1,90,82,2609,373,0.03,40,43,-1,2
Ryan Bennett,32,636710400,1990/03/06,Premier League,2018/2019,Defender,Wolverhampton Wanderers,3060,1710,1350,England,34,19,15,1,1,0,0,0,0,0,0,9,7,2,36,20,16,12,0,0.03,0,0.03,0.05,0,3060,1.06,85,90,255,0,0.35,256,304,40,10
Ryan Bertrand,33,618303600,1989/08/05,Premier League,2018/2019,Defender,Southampton,2160,1170,990,England,24,13,11,1,1,0,0,0,0,0,0,6,3,3,36,15,21,8,0,0.04,0,0.04,0.08,0,2160,1.5,60,90,270,0,0.33,245,366,117,13
Ryan Guno Babel,35,535363200,1986/12/19,Premier League,2018/2019,Forward,Fulham,1260,668,592,Netherlands,16,9,7,5,3,2,3,3,0,0,0,3,2,1,24,12,12,3,0,0.57,0.21,0.36,0.4,0.3,252,1.71,53,79,420,420,0.21,47,61,-1,3
Sam Vokes,33,624956400,1989/10/21,Premier League,2018/2019,Forward,Burnley,913,455,458,Wales,20,10,10,3,2,1,0,0,0,0,0,4,2,2,18,9,9,0,0,0.3,0,0.3,0.4,0.2,304,1.77,51,46,0,0,0,64,351,-1,3
Séamus Coleman,34,592556400,1988/10/11,Premier League,2018/2019,Defender,Everton,2560,1333,1227,Republic of Ireland,29,15,14,2,2,0,2,0,2,0,0,13,8,5,29,15,14,1,0,0.14,0.07,0.07,0.14,0,1280,1.02,88,88,2560,1280,0.04,197,178,34,8
Sean Morrison,31,663321600,1991/01/08,Premier League,2018/2019,Defender,Cardiff City,3040,1600,1440,England,34,18,16,1,0,1,3,2,1,0,0,9,4,5,57,34,23,6,0,0.12,0.09,0.03,0,0.06,3040,1.69,53,89,507,1013,0.18,255,164,140,8
Sergio Aguero,34,581238000,1988/06/02,Premier League,2018/2019,Forward,Manchester City,2480,1125,1355,Argentina,33,16,17,21,15,6,8,5,3,2,0,19,8,11,15,8,7,3,0,1.05,0.29,0.76,1.2,0.4,118,0.54,165,75,827,310,0.11,1,28,-1,1
Shane Long,35,538300800,1987/01/22,Premier League,2018/2019,Forward,Southampton,1269,629,640,Republic of Ireland,26,15,11,5,3,2,1,1,0,0,0,5,2,3,20,7,13,3,0,0.43,0.07,0.35,0.43,0.28,254,1.42,63,49,423,1269,0.21,51,182,-1,4
Sokratis Papastathopoulos,34,581842800,1988/06/09,Premier League,2018/2019,Defender,Arsenal,2199,1119,1080,Greece,25,13,12,1,0,1,2,2,0,0,0,6,6,0,31,9,22,12,0,0.12,0.08,0.04,0,0.08,2199,1.27,71,88,183,1100,0.49,234,173,82,12
Souleymane Bamba,37,474451200,1985/01/13,Premier League,2018/2019,Defender,Cardiff City,2475,1260,1215,Ivory Coast,28,14,14,4,2,2,1,1,0,0,0,7,4,3,46,23,23,7,0,0.18,0.04,0.15,0.14,0.15,619,1.67,54,88,354,2475,0.25,118,222,136,4
Steve Cook,31,672044400,1991/04/19,Premier League,2018/2019,Defender,AFC Bournemouth,2787,1350,1437,England,31,15,16,1,0,1,1,0,1,0,0,9,6,3,53,17,36,3,0,0.06,0.03,0.03,0,0.06,2787,1.71,53,90,929,2787,0.1,254,243,145,9
Theo Walcott,33,606038400,1989/03/16,Premier League,2018/2019,Forward,Everton,2122,1114,1008,England,37,19,18,5,3,2,2,2,0,0,0,13,9,4,33,18,15,1,0,0.3,0.08,0.21,0.24,0.18,424,1.4,64,57,2122,1061,0.04,90,170,-1,4
Tom Cairney,31,664358400,1991/01/20,Premier League,2018/2019,Midfielder,Fulham,2198,1107,1091,Scotland,31,16,15,1,1,0,1,1,0,0,0,4,3,1,49,21,28,0,0,0.08,0.04,0.04,0.08,0,2198,2.01,45,71,0,2198,0,238,217,-1,10
Tom Cleverley,33,618908400,1989/08/12,Premier League,2018/2019,Midfielder,Watford,470,102,368,England,13,4,9,1,0,1,0,0,0,0,0,4,2,2,7,0,7,2,0,0.19,0,0.19,0,0.24,470,1.34,67,36,235,0,0.38,99,298,-1,11
Troy Deeney,34,583570800,1988/06/29,Premier League,2018/2019,Forward,Watford,2548,1298,1250,England,32,16,16,9,3,6,5,1,4,1,0,5,3,2,43,23,20,5,1,0.49,0.18,0.32,0.21,0.43,283,1.52,59,80,425,510,0.21,57,81,-1,2
Victor Wanyama,31,677833200,1991/06/25,Premier League,2018/2019,Midfielder,Tottenham Hotspur,509,302,207,Kenya,13,9,4,1,1,0,0,0,0,0,0,6,4,2,3,3,0,2,0,0.18,0,0.18,0.3,0,509,0.53,170,39,255,0,0.35,106,266,-1,11
Vincent Kompany,36,513504000,1986/04/10,Premier League,2018/2019,Defender,Manchester City,1223,561,662,Belgium,17,8,9,1,1,0,0,0,0,0,0,7,3,4,7,3,4,6,0,0.07,0,0.07,0.16,0,1223,0.52,175,72,204,0,0.44,194,384,7,12
Virgil van Dijk,31,678956400,1991/07/08,Premier League,2018/2019,Defender,Liverpool,3385,1675,1710,Netherlands,38,19,19,4,2,2,2,1,1,0,0,21,12,9,19,8,11,1,0,0.16,0.05,0.11,0.11,0.11,846,0.51,178,89,3385,1693,0.03,152,201,5,6
Wes Morgan,38,443520000,1984/01/21,Premier League,2018/2019,Defender,Leicester City,1926,783,1143,Jamaica,22,9,13,3,1,2,0,0,0,0,0,6,3,3,24,9,15,5,2,0.14,0,0.14,0.11,0.16,642,1.12,80,88,385,0,0.23,125,300,48,6
Willian,34,587113200,1988/08/09,Premier League,2018/2019,Forward,Chelsea,2108,833,1275,Brazil,32,15,17,3,2,1,6,3,3,0,0,13,7,6,23,6,17,2,0,0.38,0.26,0.13,0.22,0.07,703,0.98,92,66,1054,351,0.09,132,36,-1,8
Willy Boly,31,665568000,1991/02/03,Premier League,2018/2019,Defender,Wolverhampton Wanderers,3169,1530,1639,France,36,17,19,4,2,2,0,0,0,0,0,8,6,2,38,17,21,3,1,0.11,0,0.11,0.12,0.11,792,1.08,83,88,792,0,0.11,148,312,43,4
Xherdan Shaqiri,31,687078000,1991/10/10,Premier League,2018/2019,Midfielder,Liverpool,1058,538,520,Switzerland,24,12,12,6,5,1,3,0,3,0,0,12,7,5,5,3,2,2,0,0.77,0.26,0.51,0.84,0.17,176,0.43,212,44,529,353,0.17,15,39,-1,4
